{"action_mean": [-0.05769021809101105, 0.011388209648430347, -0.01665077917277813, -0.07746157050132751], "action_std": [1.0271201133728027, 1.0082342624664307, 0.9734216928482056, 1.0258853435516357], "qpos_mean": [-0.027169670909643173, -0.06456923484802246, -0.036204103380441666, -0.052381619811058044], "qpos_std": [1.0029685497283936, 0.9659325480461121, 0.9728029370307922, 0.9764338731765747], "gelsight_mean": [-0.0009237713529728353, 0.0017653490649536252, -0.0006296535721048713], "gelsight_std": [0.9981597661972046, 0.9999783039093018, 0.9985938668251038], "delta_mean": [-0.05812496691942215, 0.07436435669660568, -0.007981197908520699, -0.07746157050132751], "delta_std": [1.4381678104400635, 1.3713479042053223, 1.3360602855682373, 1.0258853435516357]}